Shazam Library,,,,,,
Index,TagTime,Title,Artist,URL,TrackKey,tit
1,30-07-2022,Howl's Moving Castle-Merry Go Round Of Life,Vitamin String Quartet,https://www.shazam.com/track/309537788/howls-moving-castle-merry-go-round-of-life,309537788,baby
2,28-07-2022,Everything Black,Unlike Pluto Feat. Mike Taylor,https://www.shazam.com/track/342435589/everything-black,342435589,despacito
3,27-07-2022,Wii Sports Theme,Kazumi Totaka,https://www.shazam.com/track/479627341/wii-sports-theme,479627341,here
4,25-07-2022,"Love Me, Love Me, Love Me",Kikuo,https://www.shazam.com/track/209448383/love-me-love-me-love-me,209448383,
5,24-07-2022,Wanna Play?,The Prophet,https://www.shazam.com/track/467100065/wanna-play,467100065,
6,23-07-2022,She Make It Clap,kwayse,https://www.shazam.com/track/603475799/she-make-it-clap,603475799,
7,23-07-2022,Xenogenesis,TheFatRat,https://www.shazam.com/track/162259298/xenogenesis,162259298,
8,21-07-2022,Pablo Sandhanam (Background Score),Anirudh Ravichander,https://www.shazam.com/track/622654029/pablo-sandhanam-background-score,622654029,
9,21-07-2022,Pablo Sandhanam (Background Score),Anirudh Ravichander,https://www.shazam.com/track/622654029/pablo-sandhanam-background-score,622654029,
10,21-07-2022,Antarctica,$Uicideboy$,https://www.shazam.com/track/311439226/antarctica,311439226,
11,18-07-2022,Antarctica,$Uicideboy$,https://www.shazam.com/track/311439226/antarctica,311439226,
12,16-07-2022,Dancing Polish Cow,Tanczaca Krowa,https://www.shazam.com/track/533459260/dancing-polish-cow,533459260,
13,14-07-2022,Royalty,"Egzod, Maestro Chives & Neoni",https://www.shazam.com/track/563080515/royalty,563080515,
14,14-07-2022,Light Ground Invaders Unkown Identity Hardstyle,"Actent1337, TRI INC. & braly.",https://www.shazam.com/track/613512048/light-ground-invaders-unkown-identity-hardstyle,613512048,
15,14-07-2022,Somewhere Only We Know (Electric Guitar Version),Jemak,https://www.shazam.com/track/623117750/somewhere-only-we-know-electric-guitar-version,623117750,
16,10-07-2022,Bane,Destroy Lonely,https://www.shazam.com/track/482214961/bane,482214961,
17,10-07-2022,Bane,Destroy Lonely,https://www.shazam.com/track/482214961/bane,482214961,
18,09-07-2022,Applause (Hardstyle),DAVNCI,https://www.shazam.com/track/618765136/applause-hardstyle,618765136,
19,19-06-2022,You Gotta Move,Mississippi Fred McDowell,https://www.shazam.com/track/6066973/you-gotta-move,6066973,
20,17-06-2022,I'M SOLO,SoloCelo,https://www.shazam.com/track/615088693/im-solo,615088693,
21,08-06-2022,DEAD MAN WALKING,DJ ATOBZ,https://www.shazam.com/track/545637355/dead-man-walking,545637355,
22,05-06-2022,The Perfect Girl (Retrowave Synthwave),Vibes Nation,https://www.shazam.com/track/615135547/the-perfect-girl-retrowave-synthwave,615135547,
23,03-06-2022,Domez,Seng Hab,https://www.shazam.com/track/614251345/domez,614251345,
24,24-05-2022,Love Story,Indila,https://www.shazam.com/track/107280705/love-story,107280705,
25,13-05-2022,Drunk And Nasty speed up,Esteve Feat. Sanaa,https://www.shazam.com/track/601865303/drunk-and-nasty-speed-up,601865303,
26,13-05-2022,We Rollin,Vijay Gore,https://www.shazam.com/track/611660479/we-rollin,611660479,
27,13-05-2022,Love Me Back (slowed + reverb),Sakurajima,https://www.shazam.com/track/612126165/love-me-back-slowed-plus-reverb,612126165,
28,11-05-2022,Lobo Guará,Ishow & Flow Key,https://www.shazam.com/track/568368602/lobo-guar%C3%A1,568368602,
29,11-05-2022,House Of Memories,Panic! At The Disco,https://www.shazam.com/track/302958411/house-of-memories,302958411,
30,04-05-2022,Panzer,Seng Hab,https://www.shazam.com/track/614251337/panzer,614251337,
31,04-05-2022,Love Me Back (slowed + reverb),Sakurajima,https://www.shazam.com/track/612126165/love-me-back-slowed-plus-reverb,612126165,
32,03-05-2022,Love Me Back (Fayahh Beat),Trinidad Cardona & Robinson,https://www.shazam.com/track/609306367/love-me-back-fayahh-beat,609306367,
33,03-05-2022,After Dark,Mr.Kitty,https://www.shazam.com/track/140516014/after-dark,140516014,
34,03-05-2022,Smokin Out The Window,"Bruno Mars, Anderson .Paak & Silk Sonic",https://www.shazam.com/track/587835563/smokin-out-the-window,587835563,
35,29-04-2022,Sahara,Hensonn,https://www.shazam.com/track/594563183/sahara,594563183,
36,29-04-2022,No Fakes,Oni696 Feat. SESHSPAWN,https://www.shazam.com/track/591327636/no-fakes,591327636,
37,24-04-2022,I WANNA BE YOUR SLAVE,Måneskin,https://www.shazam.com/track/560227366/i-wanna-be-your-slave,560227366,
38,24-04-2022,Write This Down,SoulChef Feat. Nieve,https://www.shazam.com/track/57157822/write-this-down,57157822,
39,23-04-2022,Cool For The Summer,Demi Lovato,https://www.shazam.com/track/273464717/cool-for-the-summer,273464717,
40,22-04-2022,Prolly My Spookiest Beat,prodby668,https://www.shazam.com/track/606789494/prolly-my-spookiest-beat,606789494,
41,20-04-2022,This Side Of Paradise,Coyote Theory,https://www.shazam.com/track/93844349/this-side-of-paradise,93844349,
42,19-04-2022,Pastlives (Slowed),lil indo,https://www.shazam.com/track/599062399/pastlives-slowed,599062399,
43,18-04-2022,Pimpin Ain't Eazy,Kodak Black,https://www.shazam.com/track/460242921/pimpin-aint-eazy,460242921,
44,18-04-2022,Careless Whisper,George Michael,https://www.shazam.com/track/40087819/careless-whisper,40087819,
45,18-04-2022,Redbone,Childish Gambino,https://www.shazam.com/track/417212702/redbone,417212702,
46,18-04-2022,Monëy so big,Yeat,https://www.shazam.com/track/583396202/mon%C3%ABy-so-big,583396202,
47,18-04-2022,Murder,Codrus,https://www.shazam.com/track/595431419/murder,595431419,
48,10-04-2022,Snowman,Sydney Lewis,https://www.shazam.com/track/555238785/snowman,555238785,
49,10-04-2022,Monëy so big,Yeat,https://www.shazam.com/track/583396202/mon%C3%ABy-so-big,583396202,
50,08-04-2022,Stand Up (From Harriet),Cynthia Erivo,https://www.shazam.com/track/499433999/stand-up-from-harriet,499433999,
51,06-04-2022,Habits (Stay High),Tove Lo,https://www.shazam.com/track/105120694/habits-stay-high,105120694,
52,05-04-2022,Red Light Green Light,DaBaby,https://www.shazam.com/track/575048112/red-light-green-light,575048112,
53,03-04-2022,Baby Stop,Altajmusic,https://www.shazam.com/track/603462518/baby-stop,603462518,
54,03-04-2022,Past Lives (Sapientdream remix),BØRNS,https://www.shazam.com/track/488260493/past-lives-sapientdream-remix,488260493,
55,03-04-2022,This Side Of Paradise,Coyote Theory,https://www.shazam.com/track/93844349/this-side-of-paradise,93844349,
56,02-04-2022,M3tamorphosis,Playboi Carti Feat. Kid Cudi,https://www.shazam.com/track/551039807/m3tamorphosis,551039807,
57,28-03-2022,Underground Sound,Joey Valence Feat. Brae,https://www.shazam.com/track/570245813/underground-sound,570245813,
58,24-03-2022,Baby Stop,Altajmusic,https://www.shazam.com/track/603462518/baby-stop,603462518,
59,24-03-2022,Baby Stop,Altajmusic,https://www.shazam.com/track/603462518/baby-stop,603462518,
60,24-03-2022,Let Her Go,Passenger,https://www.shazam.com/track/105845771/let-her-go,105845771,
61,19-03-2022,Baby Stop,Altajmusic,https://www.shazam.com/track/603462518/baby-stop,603462518,
62,19-03-2022,The Reason,运幸,https://www.shazam.com/track/499577715/-,499577715,
63,18-03-2022,If By Chance (slowed + reverb),Ruth B.,https://www.shazam.com/track/599872116/if-by-chance-slowed-plus-reverb,599872116,
64,18-03-2022,Goat,Thekidszn,https://www.shazam.com/track/533614070/goat,533614070,
65,15-03-2022,Bust It Open (Explicit),PAC The Beast,https://www.shazam.com/track/374431136/bust-it-open-explicit,374431136,
66,15-03-2022,Bust It Open C&S,Swishahouse & Michael Watts,https://www.shazam.com/track/55910465/bust-it-open-cands,55910465,
67,15-03-2022,That's Enough Internet For Today,abriction,https://www.shazam.com/track/505386842/thats-enough-internet-for-today,505386842,
68,13-03-2022,"The Batman (from The Batman"")""",Michael Giacchino,https://www.shazam.com/track/599697485/the-batman-from-the-batman,599697485,
69,13-03-2022,That Morning,Massivedrum,https://www.shazam.com/track/570943196/that-morning,570943196,
70,13-03-2022,Baby Stop,Altajmusic,https://www.shazam.com/track/603462518/baby-stop,603462518,
71,11-03-2022,Amend,j^p^n,https://www.shazam.com/track/383445215/amend,383445215,
72,07-03-2022,Desvielados,Remik Gonzalez Feat. Beejay,https://www.shazam.com/track/546157062/desvielados,546157062,
73,06-03-2022,Listen To Me,Smooth Q,https://www.shazam.com/track/437577003/listen-to-me,437577003,
74,06-03-2022,Notion,The Rare Occasions,https://www.shazam.com/track/324979393/notion,324979393,
75,06-03-2022,Notion,The Rare Occasions,https://www.shazam.com/track/324979393/notion,324979393,
76,03-03-2022,Veediponidhi Okateley,Vivek Sagar,https://www.shazam.com/track/429327979/veediponidhi-okateley,429327979,
77,03-03-2022,Chinuku Taake,Amritavarshini KC,https://www.shazam.com/track/323597413/chinuku-taake,323597413,
78,03-03-2022,Ee Babu Gariki,Suraj Santosh,https://www.shazam.com/track/323597411/ee-babu-gariki,323597411,
79,02-03-2022,Ginseng Strip 2002,Yung Lean,https://www.shazam.com/track/104382921/ginseng-strip-2002,104382921,
80,24-02-2022,Zion Williamson/ Air Max Mix,Stanvibes,https://www.shazam.com/track/467123219/zion-williamson-air-max-mix,467123219,
81,23-02-2022,Coco,O.T. Genasis,https://www.shazam.com/track/229591254/coco,229591254,
82,23-02-2022,Let Her Go,Passenger,https://www.shazam.com/track/105845771/let-her-go,105845771,
83,21-02-2022,Kawakiwoameku,Minami,https://www.shazam.com/track/457251335/kawakiwoameku,457251335,
84,16-02-2022,Vogel Im Kafig,Hiroyuki Sawano Feat. Cyua,https://www.shazam.com/track/91812125/vogel-im-kafig,91812125,
85,16-02-2022,YouSeeBIGGIRL/T:T,Hiroyuki Sawano,https://www.shazam.com/track/357491315/youseebiggirltt,357491315,
86,16-02-2022,Can You Feel My Heart,Bring Me The Horizon,https://www.shazam.com/track/85594109/can-you-feel-my-heart,85594109,
87,16-02-2022,Safe And Sound,Capital Cities,https://www.shazam.com/track/90166754/safe-and-sound,90166754,
88,15-02-2022,Shinzo wo Sasageyo! (TV Size),Linked Horizon,https://www.shazam.com/track/345180097/shinzo-wo-sasageyo-tv-size,345180097,
89,15-02-2022,Monëy so big,Yeat,https://www.shazam.com/track/583396202/mon%C3%ABy-so-big,583396202,
90,15-02-2022,Wasted (Murkish & Huken Nightcore Remix),Juice WRLD Feat. Lil Uzi Vert,https://www.shazam.com/track/584481796/wasted-murkish-and-huken-nightcore-remix,584481796,
91,14-02-2022,She Make It Clap,Adin Ross,https://www.shazam.com/track/597533005/she-make-it-clap,597533005,
92,14-02-2022,Kathy's Waltz,Dave Brubeck,https://www.shazam.com/track/10807904/kathys-waltz,10807904,
93,13-02-2022,Little Dark Age,MGMT,https://www.shazam.com/track/378545861/little-dark-age,378545861,
94,13-02-2022,Mesmo,Allex Bessa,https://www.shazam.com/track/549786325/mesmo,549786325,
95,12-02-2022,Mama Cry,YNW Melly,https://www.shazam.com/track/433734515/mama-cry,433734515,
96,12-02-2022,"Vogel Im Käfig (From Attack On Titan"")""",Vasaria Project,https://www.shazam.com/track/378109721/vogel-im-k%C3%A4fig-from-attack-on-titan,378109721,
97,12-02-2022,Life Letters,Never Get Used To People,https://www.shazam.com/track/436990650/life-letters,436990650,
98,11-02-2022,My Money Tonka,tyezwyldadvntrz,https://www.shazam.com/track/588837012/my-money-tonka,588837012,
99,11-02-2022,Aaja We Mahiya,Imran Khan,https://www.shazam.com/track/121236107/aaja-we-mahiya,121236107,
100,11-02-2022,Jashn-E-Bahaaraa (Instrumental),A. R. Rahman,https://www.shazam.com/track/45833056/jashn-e-bahaaraa-instrumental,45833056,
101,10-02-2022,Habibi (Albanian Remix),Ricky Rich & Dardan,https://www.shazam.com/track/582915607/habibi-albanian-remix,582915607,
102,10-02-2022,DEAD MAN WALKING,DJ ATOBZ,https://www.shazam.com/track/545637355/dead-man-walking,545637355,
103,06-02-2022,"Hosanna (From Ekk Deewana Tha"")""","A.R. Rahman, Leon D'souza & Suzanne D'Mello",https://www.shazam.com/track/59385148/hosanna-from-ekk-deewana-tha,59385148,
104,04-02-2022,Pull 2 Out,Ahvie,https://www.shazam.com/track/590472386/pull-2-out,590472386,
105,04-02-2022,Older (NOW What's Next!),Sasha Alex Sloan,https://www.shazam.com/track/447492344/older-now-whats-next,447492344,
106,03-02-2022,Turnt,DaMoNIC,https://www.shazam.com/track/507184377/turnt,507184377,
107,31-01-2022,Sukide,Oxbelt Redfur,https://www.shazam.com/track/554427727/sukide,554427727,
108,29-01-2022,Carry On,XXXTENTACION,https://www.shazam.com/track/372183601/carry-on,372183601,
109,22-01-2022,Wasted,Juice WRLD Feat. Lil Uzi Vert,https://www.shazam.com/track/430326514/wasted,430326514,
110,19-01-2022,Rolling In The Deep,Adele,https://www.shazam.com/track/53080365/rolling-in-the-deep,53080365,
111,13-01-2022,น้ำแดงน้ำส้ม,JV.JARVIS,https://www.shazam.com/track/565785367/-,565785367,
112,13-01-2022,Hadal Ahbek,Issam Alnajjar,https://www.shazam.com/track/538883143/hadal-ahbek,538883143,
113,09-01-2022,HEARTBREAK ANNIVERSARY,GIVĒON,https://www.shazam.com/track/508501557/heartbreak-anniversary,508501557,
114,08-01-2022,RIP,Croosh,https://www.shazam.com/track/439275990/rip,439275990,
115,08-01-2022,HEARTBREAK ANNIVERSARY,GIVĒON,https://www.shazam.com/track/508501557/heartbreak-anniversary,508501557,
116,27-12-2021,Get Off the Leash,tana & yvngxchris,https://www.shazam.com/track/588344094/get-off-the-leash,588344094,
117,17-12-2021,Creature,Pop Smoke Feat. Swae Lee,https://www.shazam.com/track/528456213/creature,528456213,
118,08-12-2021,Black Daria Freestyle,black-daria,https://www.shazam.com/track/556655340/black-daria-freestyle,556655340,
119,06-12-2021,Fake 88,Saint Etienne,https://www.shazam.com/track/54699839/fake-88,54699839,
120,24-11-2021,Don't Worry Be Happy,Bobby McFerrin,https://www.shazam.com/track/100148352/dont-worry-be-happy,100148352,
121,24-10-2021,You Already Know,Shotgun Willy & Yung Craka,https://www.shazam.com/track/456175539/you-already-know,456175539,
122,23-10-2021,Stan,Eminem Feat. Dido,https://www.shazam.com/track/220791/stan,220791,
123,19-10-2021,Baby I'm Yours,Breakbot Feat. Irfane,https://www.shazam.com/track/52157169/baby-im-yours,52157169,
124,18-10-2021,Tadow,Masego & FKJ,https://www.shazam.com/track/358024239/tadow,358024239,
125,16-10-2021,Close Eyes (Slowed + Reverb),DVRST,https://www.shazam.com/track/577198668/close-eyes-slowed-plus-reverb,577198668,
126,15-10-2021,Stan,Eminem Feat. Dido,https://www.shazam.com/track/220791/stan,220791,
127,11-10-2021,Wasted (Murkish & Huken Nightcore Remix),Juice WRLD Feat. Lil Uzi Vert,https://www.shazam.com/track/584481796/wasted-murkish-and-huken-nightcore-remix,584481796,
128,11-10-2021,Wasted (Murkish & Huken Nightcore Remix),Juice WRLD Feat. Lil Uzi Vert,https://www.shazam.com/track/584481796/wasted-murkish-and-huken-nightcore-remix,584481796,
129,11-10-2021,love nwantiti [Remix],CKay Feat. Axel & Dj Yo!,https://www.shazam.com/track/567763978/love-nwantiti-remix,586095928,
130,05-10-2021,Little Dark Age,MGMT,https://www.shazam.com/track/378545861/little-dark-age,378545861,
131,05-10-2021,My head is spinning like a screw (Lucky Luke Remix),kostromin & Fivio Foreign,https://www.shazam.com/track/570952590/my-head-is-spinning-like-a-screw-lucky-luke-remix,570952590,
132,04-10-2021,Space Song,Beach House,https://www.shazam.com/track/266491095/space-song,266491095,
133,03-10-2021,In This Shirt,The Irrepressibles,https://www.shazam.com/track/51750361/in-this-shirt,51750361,
134,29-09-2021,Safe And Sound,Capital Cities,https://www.shazam.com/track/90166754/safe-and-sound,90166754,
135,23-09-2021,Deadwood,Really Slow Motion,https://www.shazam.com/track/421998685/deadwood,421998685,
136,22-09-2021,Hikarunara,Goose house,https://www.shazam.com/track/238754447/hikarunara,238754447,
137,20-09-2021,love nwantiti [Remix],CKay Feat. Axel & Dj Yo!,https://www.shazam.com/track/567763978/love-nwantiti-remix,567763978,
138,20-09-2021,Habits (Stay High),Tove Lo,https://www.shazam.com/track/105120694/habits-stay-high,105120694,
139,20-09-2021,Love Nwantiti Tiktok (Extended Version),The Sham Tape,https://www.shazam.com/track/583447844/love-nwantiti-tiktok-extended-version,583447844,
140,17-09-2021,Space Song,Beach House,https://www.shazam.com/track/266491095/space-song,266491095,
141,17-09-2021,Phoenix,"League Of Legends, Cailin Russo & Chrissy Costanza",https://www.shazam.com/track/496678475/phoenix,496678475,
142,16-09-2021,Carol Of The Bells,Lindsey Stirling,https://www.shazam.com/track/374176010/carol-of-the-bells,374176010,
143,15-09-2021,Dead To Me (Slow + Reverb),"Whales, Fraxo & Lox Chatterbox",https://www.shazam.com/track/581794834/dead-to-me-slow-plus-reverb,581794834,
144,15-09-2021,Deadwood (Slowed Down),Dio Beats,https://www.shazam.com/track/582887960/deadwood-slowed-down,582887960,
145,10-09-2021,Carol Of The Bells,Lindsey Stirling,https://www.shazam.com/track/374176010/carol-of-the-bells,374176010,
146,07-09-2021,Drive Forever,Meow,https://www.shazam.com/track/580628804/drive-forever,580628804,
147,02-09-2021,Little Dark Age,MGMT,https://www.shazam.com/track/378545861/little-dark-age,378545861,
148,02-09-2021,Gucci,Timati,https://www.shazam.com/track/561546433/gucci,561546433,
149,02-09-2021,Everyday Normal Motherf**ker (DJ Hammond),Tato,https://www.shazam.com/track/61619383/everyday-normal-motherfker-dj-hammond,61619383,
150,30-08-2021,Kokoronashi,Olutorops,https://www.shazam.com/track/559109028/kokoronashi,559109028,
151,30-08-2021,Fed Up,Ghostemane,https://www.shazam.com/track/538314640/fed-up,538314640,
152,29-08-2021,Space Song,Beach House,https://www.shazam.com/track/266491095/space-song,266491095,
153,26-08-2021,Deadwood,Really Slow Motion,https://www.shazam.com/track/421998685/deadwood,421998685,
154,16-08-2021,Dead Mood,WANTABLACK & CHIVA,https://www.shazam.com/track/508891551/dead-mood,508891551,
155,15-08-2021,Deadwood,Really Slow Motion,https://www.shazam.com/track/421998685/deadwood,421998685,
156,31-07-2021,Desvielados,Remik Gonzalez Feat. Beejay,https://www.shazam.com/track/546157062/desvielados,546157062,
157,31-07-2021,Desvielados,Remik Gonzalez Feat. Beejay,https://www.shazam.com/track/546157062/desvielados,546157062,
158,31-07-2021,Be Alright,Dean Lewis,https://www.shazam.com/track/428550515/be-alright,428550515,
159,16-07-2021,Hurt,Oliver Tree,https://www.shazam.com/track/452597141/hurt,452597141,
160,16-07-2021,D2M (Tiktok Girl),Lil Cain,https://www.shazam.com/track/575696350/d2m-tiktok-girl,575696350,
161,10-07-2021,telepatía,Kali Uchis,https://www.shazam.com/track/542730886/telepat%C3%ADa,542730886,
162,24-06-2021,Dinero,Ya No Quieres Dinero Lo Siento No Tengo Dinero,https://www.shazam.com/track/575274975/dinero,575274975,
163,24-06-2021,Swing Lynn,Harmless,https://www.shazam.com/track/357730524/swing-lynn,357730524,
164,23-06-2021,Fairytale,Alexander Rybak,https://www.shazam.com/track/48947959/fairytale,48947959,
165,13-06-2021,Винтом,platina,https://www.shazam.com/track/558586462/-,558586462,
166,09-06-2021,Alors On Danse,Stromae,https://www.shazam.com/track/50881429/alors-on-danse,50881429,
167,07-06-2021,Положение (Izzamuzzic Remix),Скриптонит,https://www.shazam.com/track/571430063/-,571430063,
168,18-05-2021,Carol Of The Bells,Lindsey Stirling,https://www.shazam.com/track/374176010/carol-of-the-bells,374176010,
169,12-05-2021,моя голова винтом (My head is spinning like a screw),kostromin,https://www.shazam.com/track/555672234/-,555672234,
170,09-05-2021,Alors On Danse,Stromae,https://www.shazam.com/track/50881429/alors-on-danse,50881429,
171,09-05-2021,моя голова болтается Remix,Dj Viral TikToker,https://www.shazam.com/track/569299799/-,569299799,
172,08-05-2021,Experience,Ludovico Einaudi,https://www.shazam.com/track/78484595/experience,78484595,
173,02-05-2021,Deadwood,Really Slow Motion,https://www.shazam.com/track/421998685/deadwood,421998685,
174,27-04-2021,Plevne,CVRTOON,https://www.shazam.com/track/371457010/plevne,371457010,
175,05-04-2021,Deep End,Fousheé,https://www.shazam.com/track/531351445/deep-end,531351445,
176,31-03-2021,Sofia,Clairo,https://www.shazam.com/track/468902799/sofia,468902799,
177,29-03-2021,Copines,Aya Nakamura,https://www.shazam.com/track/437075280/copines,437075280,
178,29-03-2021,Copines,Aya Nakamura,https://www.shazam.com/track/437075280/copines,437075280,
179,28-03-2021,Arcade,Duncan Laurence,https://www.shazam.com/track/460791620/arcade,460791620,
180,17-03-2021,Exil,Hiboky,https://www.shazam.com/track/452767641/exil,452767641,
181,17-03-2021,Exil,Hiboky,https://www.shazam.com/track/452767641/exil,452767641,
182,17-03-2021,Khatam Hue Waande,Emiway Bantai,https://www.shazam.com/track/544459432/khatam-hue-waande,544459432,
183,17-03-2021,Exil,Hiboky,https://www.shazam.com/track/452767641/exil,452767641,
184,17-03-2021,Exil,Hiboky,https://www.shazam.com/track/452767641/exil,452767641,
185,17-03-2021,"Vaathi Coming (From Master"")""",Anirudh Ravichander & Gana Balachandar,https://www.shazam.com/track/510166846/vaathi-coming-from-master,510166846,
186,08-03-2021,Little Dark Age,MGMT,https://www.shazam.com/track/378545861/little-dark-age,378545861,
187,08-03-2021,Reflections,Toshifumi Hinata,https://www.shazam.com/track/548127691/reflections,548127691,
188,07-03-2021,Experience,Ludovico Einaudi,https://www.shazam.com/track/78484595/experience,78484595,
189,07-03-2021,Before You Go,Lewis Capaldi,https://www.shazam.com/track/501834427/before-you-go,501834427,
190,03-03-2021,"Towards The Sun (From The Home"" Soundtrack)""",Rihanna,https://www.shazam.com/track/236103529/towards-the-sun-from-the-home-soundtrack,236103529,
191,28-02-2021,Come Get Her,Rae Sremmurd,https://www.shazam.com/track/217450817/come-get-her,217450817,
192,27-02-2021,Obsession,Consoul Trainin Feat. Steven Aderinto & DuoViolins,https://www.shazam.com/track/383379942/obsession,383379942,
193,24-02-2021,Catharsis,Aether,https://www.shazam.com/track/333906674/catharsis,333906674,
194,21-02-2021,Little Dark Age,MGMT,https://www.shazam.com/track/378545861/little-dark-age,378545861,
195,20-02-2021,Snowman,Sia,https://www.shazam.com/track/380156079/snowman,380156079,
196,19-02-2021,Into Your Arms,Witt Lowry Feat. Ava Max,https://www.shazam.com/track/423336107/into-your-arms,423336107,
197,19-02-2021,Into Your Arms,Witt Lowry Feat. Ava Max,https://www.shazam.com/track/423336107/into-your-arms,423336107,
198,16-02-2021,Ticking,TIN,https://www.shazam.com/track/348716062/ticking,348716062,
199,12-02-2021,Dancing With Your Ghost,Sasha Alex Sloan,https://www.shazam.com/track/470391131/dancing-with-your-ghost,470391131,
200,12-02-2021,Space Cadet,Metro Boomin Feat. Gunna,https://www.shazam.com/track/447331216/space-cadet,447331216,
201,12-02-2021,Hey Mama,David Guetta Feat. Nicki Minaj & Bebe Rexha & Afrojack,https://www.shazam.com/track/161306206/hey-mama,161306206,
202,10-02-2021,Chukkala Chunni,Anurag Kulkarni & Chaitan Bharadwaj,https://www.shazam.com/track/544252781/chukkala-chunni,544252781,
203,10-02-2021,See Me Fall (Y2k Remix),Ro Ransom,https://www.shazam.com/track/362528387/see-me-fall-y2k-remix,362528387,
204,09-02-2021,Khairiyat,Arijit Singh,https://www.shazam.com/track/501087347/khairiyat,501087347,
205,06-02-2021,What Is Brox3n (Outro),BROX3N,https://www.shazam.com/track/270200159/what-is-brox3n-outro,270200159,
206,06-02-2021,It's You,Ali Gatie,https://www.shazam.com/track/469293997/its-you,469293997,
207,06-02-2021,Smells Like Drill Spirit,LowOrbit,https://www.shazam.com/track/550905992/smells-like-drill-spirit,550905992,
208,02-02-2021,"Vaathi Coming (From Master"")""",Anirudh Ravichander & Gana Balachandar,https://www.shazam.com/track/510166846/vaathi-coming-from-master,510166846,
209,31-01-2021,By My Lonely,Numair,https://www.shazam.com/track/534084830/by-my-lonely,534084830,
210,31-01-2021,By My Lonely,Numair,https://www.shazam.com/track/534084830/by-my-lonely,534084830,
211,31-01-2021,Mama Cry (Acapella),Amazin' Works,https://www.shazam.com/track/533381296/mama-cry-acapella,533381296,
212,31-01-2021,Mama Cry,YNW Melly,https://www.shazam.com/track/433734515/mama-cry,433734515,
213,30-01-2021,Teeth,5 Seconds Of Summer,https://www.shazam.com/track/488848019/teeth,488848019,
214,29-01-2021,Hadal Ahbek,Issam Alnajjar,https://www.shazam.com/track/538883143/hadal-ahbek,538883143,
215,29-01-2021,Outside (Ian Asher Remix),Calvin Harris Feat. Ellie Goulding,https://www.shazam.com/track/536354551/outside-ian-asher-remix,536354551,
216,28-01-2021,Bottled Up,Dinah Jane Feat. Marc E. Bassy & Ty Dolla $ign,https://www.shazam.com/track/437699202/bottled-up,437699202,
217,26-01-2021,"10,000 Hours",Dan + Shay & Justin Bieber,https://www.shazam.com/track/498312422/10000-hours,498312422,
218,26-01-2021,Hard To Love,Calvin Harris Feat. Jessie Reyez,https://www.shazam.com/track/361578202/hard-to-love,361578202,
219,26-01-2021,"Follow Follow (From Nannaku Prematho"")""",Devi Sri Prasad,https://www.shazam.com/track/306402208/follow-follow-from-nannaku-prematho,306402208,
220,26-01-2021,She Wolf (Falling To Pieces),David Guetta Feat. Sia,https://www.shazam.com/track/66016240/she-wolf-falling-to-pieces,66016240,
221,26-01-2021,"Love Dhebba (From Nannaku Prematho"")""",Deepak & Shravana Bhargavi,https://www.shazam.com/track/306402222/love-dhebba-from-nannaku-prematho,306402222,
222,26-01-2021,All Time Low,Jon Bellion,https://www.shazam.com/track/257654920/all-time-low,257654920,
223,12-01-2021,Xnitsx Xrpatorx,Grapy O'fire,https://www.shazam.com/track/437936288/xnitsx-xrpatorx,437936288,
224,08-01-2021,Scary Garry,Kaito Shoma & DJ Paul,https://www.shazam.com/track/539847163/scary-garry,539847163,
225,05-01-2021,See Me Fall (Y2k Remix),Ro Ransom,https://www.shazam.com/track/362528387/see-me-fall-y2k-remix,362528387,
226,05-01-2021,2 Phút Hơn (KAIZ Remix),Pháo,https://www.shazam.com/track/546891609/2-ph%C3%BAt-h%C6%A1n-kaiz-remix,546891609,
227,03-01-2021,Naruto Shippuden Ost - Man of the World (with Hassan El idrissi ),Rap AR Anime,https://www.shazam.com/track/533636184/naruto-shippuden-ost-man-of-the-world-with-hassan-el-idrissi,533636184,
228,01-01-2021,Outside,Calvin Harris Feat. Ellie Goulding,https://www.shazam.com/track/229434817/outside,155522155,
229,01-01-2021,Ticking,TIN,https://www.shazam.com/track/348716062/ticking,348716062,
230,01-01-2021,"War End, Part 1 (Explicit)",Antonio Band$,https://www.shazam.com/track/359751301/war-end-part-1-explicit,359751301,
231,01-01-2021,"War End, Part 1 (Explicit)",Antonio Band$,https://www.shazam.com/track/359751301/war-end-part-1-explicit,359751301,
232,01-01-2021,It's You,JoeMari,https://www.shazam.com/track/498116540/its-you,498116540,
233,01-01-2021,It's You,Ali Gatie,https://www.shazam.com/track/469293997/its-you,469293997,
234,29-12-2020,Savior,Sitrus,https://www.shazam.com/track/463855955/savior,546770769,
235,29-12-2020,Whoopty,CJ,https://www.shazam.com/track/532012994/whoopty,532012994,
236,28-12-2020,"Psycho, Part 2",Russ,https://www.shazam.com/track/335110519/psycho-part-2,335110519,
237,25-12-2020,Kathy's Waltz,Dave Brubeck,https://www.shazam.com/track/10807904/kathys-waltz,10807904,
238,25-12-2020,Kathy's Waltz,Dave Brubeck,https://www.shazam.com/track/10807904/kathys-waltz,10807904,
239,20-12-2020,"Aathangara Orathil (From Yaan"")""","Harris Jayaraj, Gana Bala & MC Vickey",https://www.shazam.com/track/123490993/aathangara-orathil-from-yaan,123490993,
240,19-12-2020,Il Vento D'oro,Yugo Kanno,https://www.shazam.com/track/465793416/il-vento-doro,465793416,
241,17-12-2020,Guts Theme Berserk,Scooby,https://www.shazam.com/track/540243057/guts-theme-berserk,540243057,
242,17-12-2020,Jesus (SKIT),Essek,https://www.shazam.com/track/129785298/jesus-skit,129785298,
243,16-12-2020,Stereo Hearts,Gym Class Heroes Feat. Adam Levine,https://www.shazam.com/track/53565800/stereo-hearts,53565800,
244,15-12-2020,Blood//Water,Grandson,https://www.shazam.com/track/380722565/bloodwater,380722565,
245,15-12-2020,Im Not So Perfect,Miller ODaniel,https://www.shazam.com/track/444447459/im-not-so-perfect,444447459,
246,15-12-2020,Dum Dee Dum (Jikay Remix),Keys N Krates,https://www.shazam.com/track/289724130/dum-dee-dum-jikay-remix,289724130,
247,15-12-2020,Dum Dee Dum (Jikay Remix),Keys N Krates,https://www.shazam.com/track/289724130/dum-dee-dum-jikay-remix,289724130,
248,15-12-2020,Naruto Shippuden Ost - Man of the World (with Hassan El idrissi ),Rap AR Anime,https://www.shazam.com/track/533636184/naruto-shippuden-ost-man-of-the-world-with-hassan-el-idrissi,533636184,
249,15-12-2020,Criminal,Natti Natasha & Ozuna,https://www.shazam.com/track/371534462/criminal,371534462,
250,15-12-2020,это ли счастье?,Rauf & Faik,https://www.shazam.com/track/465379060/-,465379060,
251,14-12-2020,Suffer Well (Narcotic Thrust Vocal Dub),Depeche Mode,https://www.shazam.com/track/43875789/suffer-well-narcotic-thrust-vocal-dub,43875789,
252,14-12-2020,Fly Piano 2,DJ Maverics,https://www.shazam.com/track/371445891/fly-piano-2,371445891,
253,14-12-2020,Stereo Hearts,Gym Class Heroes Feat. Adam Levine,https://www.shazam.com/track/53565800/stereo-hearts,53565800,
254,11-12-2020,Fashion Week (It's Different Remix),Blackbear,https://www.shazam.com/track/360971956/fashion-week-its-different-remix,360971956,
255,10-12-2020,Savior,Sitrus,https://www.shazam.com/track/463855955/savior,463855955,
256,09-12-2020,Supalonely,BENEE Feat. Gus Dapperton,https://www.shazam.com/track/511415577/supalonely,502649679,
257,09-12-2020,One Day,Kim Feel,https://www.shazam.com/track/542093545/one-day,542093545,
258,09-12-2020,Burial,RaRa-Ali,https://www.shazam.com/track/504988841/burial,504988841,
259,08-12-2020,Fashion Week,SirLofi,https://www.shazam.com/track/540800498/fashion-week,540800498,
260,04-12-2020,Läbä Geit Witer,Yung Asia,https://www.shazam.com/track/469910289/l%C3%A4b%C3%A4-geit-witer,469910289,
261,04-12-2020,The Remedy For A Broken Heart (Why Am I So In Love),XXXTENTACION,https://www.shazam.com/track/410554105/the-remedy-for-a-broken-heart-why-am-i-so-in-love,410554105,
262,04-12-2020,Whips and Chainz,Benni5stax,https://www.shazam.com/track/235562894/whips-and-chainz,235562894,
263,03-12-2020,Landscape,Jarico,https://www.shazam.com/track/437907007/landscape,437907007,
264,30-11-2020,Trap Sax,Nish,https://www.shazam.com/track/519791959/trap-sax,519791959,
265,30-11-2020,Rockstar,DaBaby Feat. Roddy Ricch,https://www.shazam.com/track/562108607/rockstar,513736453,
266,22-11-2020,это ли счастье?,Rauf & Faik,https://www.shazam.com/track/465379060/-,465379060,
267,19-11-2020,Streets Favorite,Capone,https://www.shazam.com/track/41245965/streets-favorite,41245965,
268,09-11-2020,Keep It Real,TwoTiime,https://www.shazam.com/track/516205745/keep-it-real,516205745,
269,04-11-2020,Nuts (Tripple J Edit),Lil Peep Feat. Lil Skil,https://www.shazam.com/track/534571551/nuts-tripple-j-edit,534571551,
270,04-11-2020,Nuts (Tripple J Edit),Lil Peep Feat. Lil Skil,https://www.shazam.com/track/534571551/nuts-tripple-j-edit,534571551,
271,04-11-2020,Nuts (Tripple J Edit),Lil Peep Feat. Lil Skil,https://www.shazam.com/track/534571551/nuts-tripple-j-edit,534571551,
272,24-10-2020,Patlamaya Devam,İsyan Tetick,https://www.shazam.com/track/531748510/patlamaya-devam,531748510,
273,04-09-2020,Partition,Beyoncé,https://www.shazam.com/track/505345299/partition,505345299,
274,04-09-2020,Traveling Man (Reprise),Mikaht,https://www.shazam.com/track/275923576/traveling-man-reprise,275923576,
275,03-09-2020,Dancin (Krono Remix),Aaron Smith Feat. Luvli,https://www.shazam.com/track/86465795/dancin-krono-remix,86465795,
276,03-09-2020,M to the B,Millie B,https://www.shazam.com/track/534954943/m-to-the-b,534954943,
277,03-09-2020,Laffy Taffy (Remix),Fly Boy Fu,https://www.shazam.com/track/454949711/laffy-taffy-remix,454949711,
278,03-09-2020,In Your Eyes,The Weeknd,https://www.shazam.com/track/510700752/in-your-eyes,510700752,
279,03-09-2020,In Your Eyes,The Weeknd,https://www.shazam.com/track/510700752/in-your-eyes,510700752,
280,03-09-2020,In Your Eyes,The Weeknd,https://www.shazam.com/track/510700752/in-your-eyes,510700752,
281,03-09-2020,World in My Palms,YSN Fab,https://www.shazam.com/track/516382411/world-in-my-palms,516382411,
282,03-09-2020,World in My Palms,YSN Fab,https://www.shazam.com/track/516382411/world-in-my-palms,516382411,
283,03-09-2020,World in My Palms,YSN Fab,https://www.shazam.com/track/516382411/world-in-my-palms,516382411,
284,03-09-2020,Classic Trap Rap,Heat,https://www.shazam.com/track/441216959/classic-trap-rap,441216959,
285,03-09-2020,Kathy's Waltz,Dave Brubeck,https://www.shazam.com/track/10807904/kathys-waltz,10807904,
286,03-09-2020,Someone Like You,Adele,https://www.shazam.com/track/53080366/someone-like-you,53080366,
287,23-08-2020,Go Crazy,Chris Brown & Young Thug,https://www.shazam.com/track/517715261/go-crazy,517715261,
288,20-08-2020,Go Crazy,Chris Brown & Young Thug,https://www.shazam.com/track/517715261/go-crazy,517715261,
289,14-08-2020,You Know I'll Go Get,DJ Haning & Rizky Ayuba,https://www.shazam.com/track/508153083/you-know-ill-go-get,508153083,
290,13-08-2020,I Got 5 On It,Luniz,https://www.shazam.com/track/10930514/i-got-5-on-it,453355,
291,09-08-2020,Ameno,Era,https://www.shazam.com/track/274676/ameno,274676,
292,04-08-2020,Boshret Kher,Husain Al Jasmi,https://www.shazam.com/track/132943070/boshret-kher,132943070,
293,04-08-2020,Song For Denise (Maxi Version),Piano Fantasia,https://www.shazam.com/track/57934319/song-for-denise-maxi-version,57934319,
294,23-07-2020,Song For Denise (Maxi Version),Piano Fantasia,https://www.shazam.com/track/57934319/song-for-denise-maxi-version,57934319,
295,23-07-2020,Astronomia 2K19 (Extended Mix),Stephan F,https://www.shazam.com/track/466260838/astronomia-2k19-extended-mix,466260838,
296,23-07-2020,Astronomia 2K19 (Extended Mix),Stephan F,https://www.shazam.com/track/466260838/astronomia-2k19-extended-mix,466260838,
297,23-07-2020,Song For Denise (Maxi Version),Piano Fantasia,https://www.shazam.com/track/57934319/song-for-denise-maxi-version,57934319,
298,23-07-2020,Song For Denise (Maxi Version),Piano Fantasia,https://www.shazam.com/track/57934319/song-for-denise-maxi-version,57934319,
299,23-07-2020,Song For Denise (Maxi Version),Piano Fantasia,https://www.shazam.com/track/57934319/song-for-denise-maxi-version,57934319,
300,20-07-2020,World in My Palms,YSN Fab,https://www.shazam.com/track/516382411/world-in-my-palms,516382411,
301,18-07-2020,The Shift,Self Deception,https://www.shazam.com/track/55625698/the-shift,55625698,
302,17-07-2020,You Know I'll Go Get,DJ Haning & Rizky Ayuba,https://www.shazam.com/track/508153083/you-know-ill-go-get,508153083,
303,16-07-2020,Sach Keh Raha Hai,B Praak,https://www.shazam.com/track/522887947/sach-keh-raha-hai,522887947,
304,16-07-2020,Mera Intkam Dekhegi,Krishna Beura,https://www.shazam.com/track/380796542/mera-intkam-dekhegi,380796542,
305,16-07-2020,Ultimate,Denzel Curry,https://www.shazam.com/track/245513331/ultimate,245513331,
306,16-07-2020,"Bheegi Bheegi (From Gangster"")""",James,https://www.shazam.com/track/44905265/bheegi-bheegi-from-gangster,44905265,
307,16-07-2020,"Bheegi Bheegi (From Gangster"")""",James,https://www.shazam.com/track/44905265/bheegi-bheegi-from-gangster,44905265,
308,13-07-2020,World in My Palms,YSN Fab,https://www.shazam.com/track/516382411/world-in-my-palms,516382411,
309,10-07-2020,Run Free,Deep Chills Feat. IVIE,https://www.shazam.com/track/371510650/run-free,371510650,
310,10-07-2020,"Fed Up, Part 2",Bazanji,https://www.shazam.com/track/360643744/fed-up-part-2,360643744,
311,10-07-2020,World Sad,George,https://www.shazam.com/track/505361217/world-sad,505361217,
312,06-07-2020,God Level!,DONOTELLO,https://www.shazam.com/track/493415531/god-level,493415531,
313,06-07-2020,God Level!,DONOTELLO,https://www.shazam.com/track/493415531/god-level,493415531,
314,01-07-2020,World Sad,George,https://www.shazam.com/track/505361217/world-sad,505361217,
315,01-07-2020,World Sad,George,https://www.shazam.com/track/505361217/world-sad,505361217,
316,11-06-2020,Velvet!,EGOVERT,https://www.shazam.com/track/509130244/velvet,509130244,
317,08-06-2020,Main Dhoondne Ko Zamaane Mein,Arijit Singh,https://www.shazam.com/track/107180076/main-dhoondne-ko-zamaane-mein,107180076,
318,08-06-2020,Jocelyn Flores (Mixed),XXXTENTACION,https://www.shazam.com/track/442686924/jocelyn-flores-mixed,442686924,
319,05-06-2020,La Câlin,Serhat Durmus,https://www.shazam.com/track/349002916/la-c%C3%A2lin,349002916,
320,19-05-2020,Play Date,Melanie Martinez,https://www.shazam.com/track/517721935/play-date,517721935,
321,15-05-2020,Naadaan Parinday (Rockstar),AR.Rahman,https://www.shazam.com/track/87169605/naadaan-parinday-rockstar,87169605,
322,15-05-2020,7th Element (Hd),Vitas,https://www.shazam.com/track/439214105/7th-element-hd,439214105,
323,12-04-2020,Go F**k Yourself,Two Feet,https://www.shazam.com/track/317657806/go-fk-yourself,317657806,
324,31-03-2020,Ready Set Let's Go,Sam Tinnesz,https://www.shazam.com/track/319334565/ready-set-lets-go,319334565,
325,31-03-2020,Astronomia 2K19 (Extended Mix),Stephan F,https://www.shazam.com/track/466260838/astronomia-2k19-extended-mix,466260838,
326,31-03-2020,Astronomia 2K19 (Extended Mix),Stephan F,https://www.shazam.com/track/466260838/astronomia-2k19-extended-mix,466260838,
327,18-03-2020,Degalet,Chimnee,https://www.shazam.com/track/373916057/degalet,373916057,
328,18-03-2020,Big Enough,"Kirin J Callinan Feat. Alex Cameron, Molly Lewis & Jimmy Barnes",https://www.shazam.com/track/348935185/big-enough,348935185,
329,18-03-2020,To Brazil,Vengaboys,https://www.shazam.com/track/5193340/to-brazil,5193340,
330,15-03-2020,Animal (Guaracha & Aleteo),Aleteo Beatz,https://www.shazam.com/track/413128248/animal-guaracha-and-aleteo,413128248,
331,15-03-2020,Forever (Aleteo & Guaracha),Aleteo Beatz,https://www.shazam.com/track/413131874/forever-aleteo-and-guaracha,413131874,
332,15-03-2020,Animal (Guaracha & Aleteo),Aleteo Beatz,https://www.shazam.com/track/413128248/animal-guaracha-and-aleteo,413128248,
333,12-03-2020,you should see me in a crown,Billie Eilish,https://www.shazam.com/track/431585651/you-should-see-me-in-a-crown,431585651,
334,08-03-2020,Lucid Dreams,Juice WRLD,https://www.shazam.com/track/407592725/lucid-dreams,407592725,
335,07-03-2020,My Love,Doshka,https://www.shazam.com/track/497482369/my-love,497482369,
336,06-03-2020,Let Me Down Slowly,Alec Benjamin,https://www.shazam.com/track/420522455/let-me-down-slowly,420522455,
337,04-03-2020,Hips Don't Lie,Shakira Feat. Wyclef Jean,https://www.shazam.com/track/101594534/hips-dont-lie,46019912,
338,03-03-2020,Allah Ke Bande,Kailash Kher,https://www.shazam.com/track/44916977/allah-ke-bande,44916977,
339,23-02-2020,Married Life,Michael Giacchino,https://www.shazam.com/track/50272275/married-life,50272275,
340,23-02-2020,Opaul,Freddie Dredd,https://www.shazam.com/track/416033951/opaul,416033951,
341,23-02-2020,Ride It,Regard,https://www.shazam.com/track/468792413/ride-it,468792413,
342,23-02-2020,Kya Mujhe Pyar Hai,K.K,https://www.shazam.com/track/44858713/kya-mujhe-pyar-hai,44858713,
343,22-02-2020,Opaul,Freddie Dredd,https://www.shazam.com/track/416033951/opaul,416033951,
344,20-02-2020,Chivalry Is Dead,Trevor Wesley,https://www.shazam.com/track/238243099/chivalry-is-dead,238243099,
345,20-02-2020,Chivalry Is Dead,Trevor Wesley,https://www.shazam.com/track/238243099/chivalry-is-dead,238243099,
346,20-02-2020,All Day,Young Dedicate,https://www.shazam.com/track/490491799/all-day,490491799,
347,20-02-2020,No Limit,G-Eazy Feat. A$AP Rocky & Cardi B,https://www.shazam.com/track/373440498/no-limit,373440498,
348,20-02-2020,Princesses Don't Cry,Aviva,https://www.shazam.com/track/372267915/princesses-dont-cry,372267915,
349,20-02-2020,Together,Raphael Leto & DYSTOPIA,https://www.shazam.com/track/453524766/together,453524766,
350,20-02-2020,Together,Raphael Leto & DYSTOPIA,https://www.shazam.com/track/453524766/together,453524766,
351,19-02-2020,Say So,Doja Cat,https://www.shazam.com/track/502331038/say-so,502331038,
352,18-02-2020,"Garmi (From Street Dancer 3D"")""",Badshah & Neha Kakkar Feat. Varun Dhawan,https://www.shazam.com/track/505379457/garmi-from-street-dancer-3d,505379457,
353,18-02-2020,Sad Romance (A.K.A. Sad Violin),Ji Pyeong Kwon,https://www.shazam.com/track/40154842/sad-romance-aka-sad-violin,40154842,
354,18-02-2020,Get You The Moon,Kina,https://www.shazam.com/track/410545589/get-you-the-moon,410545589,
355,18-02-2020,Peroxide,Ecco2k,https://www.shazam.com/track/501936486/peroxide,501936486,
356,18-02-2020,Hope,XXXTENTACION,https://www.shazam.com/track/408344162/hope,408344162,
357,16-02-2020,No Idea,Don Toliver,https://www.shazam.com/track/469300548/no-idea,469300548,
358,16-02-2020,The Next Episode (San Holo Remix),Dr. Dre Feat. Snoop Dogg,https://www.shazam.com/track/143908400/the-next-episode-san-holo-remix,143908400,
359,16-02-2020,The Next Episode (San Holo Remix),Dr. Dre Feat. Snoop Dogg,https://www.shazam.com/track/143908400/the-next-episode-san-holo-remix,143908400,
360,16-02-2020,The Next Episode (San Holo Remix),Dr. Dre Feat. Snoop Dogg,https://www.shazam.com/track/143908400/the-next-episode-san-holo-remix,143908400,
361,15-02-2020,Say So,Doja Cat,https://www.shazam.com/track/502331038/say-so,502331038,
362,14-02-2020,Kanpe Lwen,Kana,https://www.shazam.com/track/427174464/kanpe-lwen,427174464,
363,13-02-2020,Costa Rica,Bankrol Hayden,https://www.shazam.com/track/505658704/costa-rica,505658704,
364,12-02-2020,Bagaikan Langit Remix,Potret,https://www.shazam.com/track/465031212/bagaikan-langit-remix,465031212,
365,12-02-2020,Bagaikan Langit Remix,Potret,https://www.shazam.com/track/465031212/bagaikan-langit-remix,465031212,
366,11-02-2020,Careless Whisper,George Michael,https://www.shazam.com/track/40087819/careless-whisper,217948,
367,10-02-2020,New Thang (Instrumental Version),Rap Nation,https://www.shazam.com/track/160450734/new-thang-instrumental-version,160450734,
368,10-02-2020,New Thang,Redfoo,https://www.shazam.com/track/145834588/new-thang,145834588,
369,10-02-2020,Umbrella,Terabonsky,https://www.shazam.com/track/407329678/umbrella,407329678,
370,09-02-2020,Panda,Desiigner,https://www.shazam.com/track/320450337/panda,304492410,
371,08-02-2020,Ispy,KYLE Feat. Lil Yachty,https://www.shazam.com/track/336547894/ispy,336547894,
372,08-02-2020,Ispy,KYLE Feat. Lil Yachty,https://www.shazam.com/track/336547894/ispy,336547894,
373,08-02-2020,Attention,Charlie Puth,https://www.shazam.com/track/349501879/attention,349501879,
374,08-02-2020,Money And Girls (Whats Going On),Bagman,https://www.shazam.com/track/384804469/money-and-girls-whats-going-on,384804469,
375,08-02-2020,I Took A Pill In Ibiza (Seeb Remix),Mike Posner,https://www.shazam.com/track/292163660/i-took-a-pill-in-ibiza-seeb-remix,274510331,
376,07-02-2020,X,Nicky Jam & J Balvin,https://www.shazam.com/track/408829716/x,408829716,
377,06-02-2020,Sloppy Seconds,Maj,https://www.shazam.com/track/467950480/sloppy-seconds,467950480,
378,06-02-2020,Sloppy Seconds,Maj,https://www.shazam.com/track/467950480/sloppy-seconds,467950480,
379,06-02-2020,Runaway,AURORA,https://www.shazam.com/track/230710249/runaway,230710249,
380,06-02-2020,Runaway,AURORA,https://www.shazam.com/track/230710249/runaway,230710249,
381,06-02-2020,Runaway,AURORA,https://www.shazam.com/track/230710249/runaway,230710249,
382,06-02-2020,Runaway,AURORA,https://www.shazam.com/track/230710249/runaway,230710249,
383,06-02-2020,Hot Girl Bummer,blackbear,https://www.shazam.com/track/486825268/hot-girl-bummer,486825268,
384,02-02-2020,Xiyonat,Ummon,https://www.shazam.com/track/92407910/xiyonat,92407910,
385,02-02-2020,Yeah!,Usher Feat. Lil' Jon & Ludacris,https://www.shazam.com/track/40026111/yeah,40026111,
386,02-02-2020,Wasabi,Little Mix,https://www.shazam.com/track/446070746/wasabi,446070746,
387,30-01-2020,X,Nicky Jam & J Balvin,https://www.shazam.com/track/408829716/x,408829716,
388,30-01-2020,In The End,Tommee Profitt Feat. Fleurie & Jung Youth,https://www.shazam.com/track/413036575/in-the-end,413036575,
389,27-01-2020,Worth It,Fifth Harmony Feat. Kid Ink,https://www.shazam.com/track/225788878/worth-it,225788878,
390,26-01-2020,It's The Hard-Knock Life,Quvenzhané Wallis & Zoe Margaret Colletti & Nicolette Pierini & Eden Duncan-Smith & Amanda Troya,https://www.shazam.com/track/156943835/its-the-hard-knock-life,156943835,
391,24-01-2020,Mein,Emiway,https://www.shazam.com/track/355353620/mein,355353620,
392,23-01-2020,Дикая Львица,ALEX&RUS,https://www.shazam.com/track/470822510/-,470822510,
393,23-01-2020,Дикая Львица,ALEX&RUS,https://www.shazam.com/track/470822510/-,470822510,
394,22-01-2020,O O Jaane Jaana,Kamaal Khan,https://www.shazam.com/track/45349719/o-o-jaane-jaana,45349719,
395,22-01-2020,Buttercup,Jack Stauber,https://www.shazam.com/track/347338197/buttercup,347338197,
396,22-01-2020,Buttercup,Jack Stauber,https://www.shazam.com/track/347338197/buttercup,347338197,
397,22-01-2020,La Vie Ne Ment Pas (Ali Remix),Sincerité Feat. Tiseb & Okamess,https://www.shazam.com/track/462777982/la-vie-ne-ment-pas-ali-remix,462777982,
398,22-01-2020,A Thousand Years,Christina Perri,https://www.shazam.com/track/53962771/a-thousand-years,53962771,
399,21-01-2020,Señorita,Shawn Mendes & Camila Cabello,https://www.shazam.com/track/470226745/se%C3%B1orita,470226745,
400,17-01-2020,F**k School,Adonis Ex,https://www.shazam.com/track/504181837/fk-school,504181837,
